"1.jpeg","https://www.example.com/images/1.jpeg", "Description of this link"
"2.jpeg","https://www.example.com/images/2.jpeg", "Description of this link"
"3.jpeg","https://www.example.com/images/3.jpeg", "Description of this link"
"4.jpeg","https://www.example.com/images/4.jpeg", "Description of this link"
"5.jpeg","https://www.example.com/images/5.jpeg", "Description of this link"
"6.jpeg","https://www.example.com/images/6.jpeg", "Description of this link"
"7.jpeg","https://www.example.com/images/7.jpeg", "Description of this link"
"8.jpeg","https://www.example.com/images/8.jpeg", "Description of this link"
"9.jpeg","https://www.example.com/images/9.jpeg", "Description of this link"
"10.jpeg","https://www.example.com/images/10.jpeg", "Description of this link"
"11.jpeg","https://www.example.com/images/11.jpeg", "Description of this link"
"12.jpeg","https://www.example.com/images/12.jpeg", "Description of this link"
"13.jpeg","https://www.example.com/images/13.jpeg", "Description of this link"
"14.jpeg","https://www.example.com/images/14.jpeg", "Description of this link"
"15.jpeg","https://www.example.com/images/15.jpeg", "Description of this link"
"16.jpeg","https://www.example.com/images/16.jpeg", "Description of this link"
"17.jpeg","https://www.example.com/images/17.jpeg", "Description of this link"
"18.jpeg","https://www.example.com/images/18.jpeg", "Description of this link"
"19.jpeg","https://www.example.com/images/19.jpeg", "Description of this link"
"20.jpeg","https://www.example.com/images/20.jpeg", "Description of this link"
"21.jpeg","https://www.example.com/images/21.jpeg", "Description of this link"
"22.jpeg","https://www.example.com/images/22.jpeg", "Description of this link"
"23.jpeg","https://www.example.com/images/23.jpeg", "Description of this link"
"24.jpeg","https://www.example.com/images/24.jpeg", "Description of this link"
"25.jpeg","https://www.example.com/images/25.jpeg", "Description of this link"
"26.jpeg","https://www.example.com/images/26.jpeg", "Description of this link"
"27.jpeg","https://www.example.com/images/27.jpeg", "Description of this link"
"28.jpeg","https://www.example.com/images/28.jpeg", "Description of this link"
"29.jpeg","https://www.example.com/images/29.jpeg", "Description of this link"
"30.jpeg","https://www.example.com/images/30.jpeg", "Description of this link"
"31.jpeg","https://www.example.com/images/31.jpeg", "Description of this link"
"32.jpeg","https://www.example.com/images/32.jpeg", "Description of this link"
"33.jpeg","https://www.example.com/images/33.jpeg", "Description of this link"
"34.jpeg","https://www.example.com/images/34.jpeg", "Description of this link"
"35.jpeg","https://www.example.com/images/35.jpeg", "Description of this link"
"36.jpeg","https://www.example.com/images/36.jpeg", "Description of this link"
"37.jpeg","https://www.example.com/images/37.jpeg", "Description of this link"
"38.jpeg","https://www.example.com/images/38.jpeg", "Description of this link"
"39.jpeg","https://www.example.com/images/39.jpeg", "Description of this link"
"40.jpeg","https://www.example.com/images/40.jpeg", "Description of this link"
"41.jpeg","https://www.example.com/images/41.jpeg", "Description of this link"
"42.jpeg","https://www.example.com/images/42.jpeg", "Description of this link"
"43.jpeg","https://www.example.com/images/43.jpeg", "Description of this link"
"44.jpeg","https://www.example.com/images/44.jpeg", "Description of this link"
"45.jpeg","https://www.example.com/images/45.jpeg", "Description of this link"
"46.jpeg","https://www.example.com/images/46.jpeg", "Description of this link"
"47.jpeg","https://www.example.com/images/47.jpeg", "Description of this link"
"48.jpeg","https://www.example.com/images/48.jpeg", "Description of this link"
"49.jpeg","https://www.example.com/images/49.jpeg", "Description of this link"
"50.jpeg","https://www.example.com/images/50.jpeg", "Description of this link"
"51.jpeg","https://www.example.com/images/51.jpeg", "Description of this link"
"52.jpeg","https://www.example.com/images/52.jpeg", "Description of this link"
"53.jpeg","https://www.example.com/images/53.jpeg", "Description of this link"
"54.jpeg","https://www.example.com/images/54.jpeg", "Description of this link"
"55.jpeg","https://www.example.com/images/55.jpeg", "Description of this link"
"56.jpeg","https://www.example.com/images/56.jpeg", "Description of this link"
"57.jpeg","https://www.example.com/images/57.jpeg", "Description of this link"
"58.jpeg","https://www.example.com/images/58.jpeg", "Description of this link"
"59.jpeg","https://www.example.com/images/59.jpeg", "Description of this link"
"60.jpeg","https://www.example.com/images/60.jpeg", "Description of this link"
"61.jpeg","https://www.example.com/images/61.jpeg", "Description of this link"
"62.jpeg","https://www.example.com/images/62.jpeg", "Description of this link"
"63.jpeg","https://www.example.com/images/63.jpeg", "Description of this link"
"64.jpeg","https://www.example.com/images/64.jpeg", "Description of this link"
"65.jpeg","https://www.example.com/images/65.jpeg", "Description of this link"
"66.jpeg","https://www.example.com/images/66.jpeg", "Description of this link"
"67.jpeg","https://www.example.com/images/67.jpeg", "Description of this link"
"68.jpeg","https://www.example.com/images/68.jpeg", "Description of this link"
"69.jpeg","https://www.example.com/images/69.jpeg", "Description of this link"
"70.jpeg","https://www.example.com/images/70.jpeg", "Description of this link"
"71.jpeg","https://www.example.com/images/71.jpeg", "Description of this link"
"72.jpeg","https://www.example.com/images/72.jpeg", "Description of this link"
"73.jpeg","https://www.example.com/images/73.jpeg", "Description of this link"
"74.jpeg","https://www.example.com/images/74.jpeg", "Description of this link"
"75.jpeg","https://www.example.com/images/75.jpeg", "Description of this link"
"76.jpeg","https://www.example.com/images/76.jpeg", "Description of this link"
"77.jpeg","https://www.example.com/images/77.jpeg", "Description of this link"
"78.jpeg","https://www.example.com/images/78.jpeg", "Description of this link"
"79.jpeg","https://www.example.com/images/79.jpeg", "Description of this link"
"80.jpeg","https://www.example.com/images/80.jpeg", "Description of this link"
"81.jpeg","https://www.example.com/images/81.jpeg", "Description of this link"
"82.jpeg","https://www.example.com/images/82.jpeg", "Description of this link"
"83.jpeg","https://www.example.com/images/83.jpeg", "Description of this link"
"84.jpeg","https://www.example.com/images/84.jpeg", "Description of this link"
"85.jpeg","https://www.example.com/images/85.jpeg", "Description of this link"
"86.jpeg","https://www.example.com/images/86.jpeg", "Description of this link"
"87.jpeg","https://www.example.com/images/87.jpeg", "Description of this link"
"88.jpeg","https://www.example.com/images/88.jpeg", "Description of this link"
"89.jpeg","https://www.example.com/images/89.jpeg", "Description of this link"
"90.jpeg","https://www.example.com/images/90.jpeg", "Description of this link"
"91.jpeg","https://www.example.com/images/91.jpeg", "Description of this link"
"92.jpeg","https://www.example.com/images/92.jpeg", "Description of this link"
"93.jpeg","https://www.example.com/images/93.jpeg", "Description of this link"
"94.jpeg","https://www.example.com/images/94.jpeg", "Description of this link"
"95.jpeg","https://www.example.com/images/95.jpeg", "Description of this link"
"96.jpeg","https://www.example.com/images/96.jpeg", "Description of this link"
"97.jpeg","https://www.example.com/images/97.jpeg", "Description of this link"
"98.jpeg","https://www.example.com/images/98.jpeg", "Description of this link"
"99.jpeg","https://www.example.com/images/99.jpeg", "Description of this link"
"100.jpeg","https://www.example.com/images/100.jpeg", "Description of this link"
"101.jpeg","https://www.example.com/images/101.jpeg", "Description of this link"
"102.jpeg","https://www.example.com/images/102.jpeg", "Description of this link"
"103.jpeg","https://www.example.com/images/103.jpeg", "Description of this link"
"104.jpeg","https://www.example.com/images/104.jpeg", "Description of this link"
"105.jpeg","https://www.example.com/images/105.jpeg", "Description of this link"
"106.jpeg","https://www.example.com/images/106.jpeg", "Description of this link"
"107.jpeg","https://www.example.com/images/107.jpeg", "Description of this link"
"108.jpeg","https://www.example.com/images/108.jpeg", "Description of this link"
"109.jpeg","https://www.example.com/images/109.jpeg", "Description of this link"
"110.jpeg","https://www.example.com/images/110.jpeg", "Description of this link"
"111.jpeg","https://www.example.com/images/111.jpeg", "Description of this link"
"112.jpeg","https://www.example.com/images/112.jpeg", "Description of this link"
"113.jpeg","https://www.example.com/images/113.jpeg", "Description of this link"
"114.jpeg","https://www.example.com/images/114.jpeg", "Description of this link"
"115.jpeg","https://www.example.com/images/115.jpeg", "Description of this link"
"116.jpeg","https://www.example.com/images/116.jpeg", "Description of this link"
"117.jpeg","https://www.example.com/images/117.jpeg", "Description of this link"
"118.jpeg","https://www.example.com/images/118.jpeg", "Description of this link"
"119.jpeg","https://www.example.com/images/119.jpeg", "Description of this link"
"120.jpeg","https://www.example.com/images/120.jpeg", "Description of this link"
"121.jpeg","https://www.example.com/images/121.jpeg", "Description of this link"
"122.jpeg","https://www.example.com/images/122.jpeg", "Description of this link"
"123.jpeg","https://www.example.com/images/123.jpeg", "Description of this link"
"124.jpeg","https://www.example.com/images/124.jpeg", "Description of this link"
"125.jpeg","https://www.example.com/images/125.jpeg", "Description of this link"
"126.jpeg","https://www.example.com/images/126.jpeg", "Description of this link"
"127.jpeg","https://www.example.com/images/127.jpeg", "Description of this link"
"128.jpeg","https://www.example.com/images/128.jpeg", "Description of this link"
"129.jpeg","https://www.example.com/images/129.jpeg", "Description of this link"
"130.jpeg","https://www.example.com/images/130.jpeg", "Description of this link"
"131.jpeg","https://www.example.com/images/131.jpeg", "Description of this link"
"132.jpeg","https://www.example.com/images/132.jpeg", "Description of this link"
"133.jpeg","https://www.example.com/images/133.jpeg", "Description of this link"
"134.jpeg","https://www.example.com/images/134.jpeg", "Description of this link"
"135.jpeg","https://www.example.com/images/135.jpeg", "Description of this link"
"136.jpeg","https://www.example.com/images/136.jpeg", "Description of this link"
"137.jpeg","https://www.example.com/images/137.jpeg", "Description of this link"
"138.jpeg","https://www.example.com/images/138.jpeg", "Description of this link"
"139.jpeg","https://www.example.com/images/139.jpeg", "Description of this link"
"140.jpeg","https://www.example.com/images/140.jpeg", "Description of this link"
"141.jpeg","https://www.example.com/images/141.jpeg", "Description of this link"
"142.jpeg","https://www.example.com/images/142.jpeg", "Description of this link"
"143.jpeg","https://www.example.com/images/143.jpeg", "Description of this link"
"144.jpeg","https://www.example.com/images/144.jpeg", "Description of this link"
"145.jpeg","https://www.example.com/images/145.jpeg", "Description of this link"
"146.jpeg","https://www.example.com/images/146.jpeg", "Description of this link"
"147.jpeg","https://www.example.com/images/147.jpeg", "Description of this link"
"148.jpeg","https://www.example.com/images/148.jpeg", "Description of this link"
"149.jpeg","https://www.example.com/images/149.jpeg", "Description of this link"
"150.jpeg","https://www.example.com/images/150.jpeg", "Description of this link"
"151.jpeg","https://www.example.com/images/151.jpeg", "Description of this link"
"152.jpeg","https://www.example.com/images/152.jpeg", "Description of this link"
"153.jpeg","https://www.example.com/images/153.jpeg", "Description of this link"
"154.jpeg","https://www.example.com/images/154.jpeg", "Description of this link"
"155.jpeg","https://www.example.com/images/155.jpeg", "Description of this link"
"156.jpeg","https://www.example.com/images/156.jpeg", "Description of this link"
"157.jpeg","https://www.example.com/images/157.jpeg", "Description of this link"
"158.jpeg","https://www.example.com/images/158.jpeg", "Description of this link"
"159.jpeg","https://www.example.com/images/159.jpeg", "Description of this link"
"160.jpeg","https://www.example.com/images/160.jpeg", "Description of this link"
"161.jpeg","https://www.example.com/images/161.jpeg", "Description of this link"
"162.jpeg","https://www.example.com/images/162.jpeg", "Description of this link"
"163.jpeg","https://www.example.com/images/163.jpeg", "Description of this link"
"164.jpeg","https://www.example.com/images/164.jpeg", "Description of this link"
"165.jpeg","https://www.example.com/images/165.jpeg", "Description of this link"
"166.jpeg","https://www.example.com/images/166.jpeg", "Description of this link"
"167.jpeg","https://www.example.com/images/167.jpeg", "Description of this link"
"168.jpeg","https://www.example.com/images/168.jpeg", "Description of this link"
"169.jpeg","https://www.example.com/images/169.jpeg", "Description of this link"
"170.jpeg","https://www.example.com/images/170.jpeg", "Description of this link"
"171.jpeg","https://www.example.com/images/171.jpeg", "Description of this link"
"172.jpeg","https://www.example.com/images/172.jpeg", "Description of this link"
"173.jpeg","https://www.example.com/images/173.jpeg", "Description of this link"
"174.jpeg","https://www.example.com/images/174.jpeg", "Description of this link"
"175.jpeg","https://www.example.com/images/175.jpeg", "Description of this link"
"176.jpeg","https://www.example.com/images/176.jpeg", "Description of this link"
"177.jpeg","https://www.example.com/images/177.jpeg", "Description of this link"
"178.jpeg","https://www.example.com/images/178.jpeg", "Description of this link"
"179.jpeg","https://www.example.com/images/179.jpeg", "Description of this link"
"180.jpeg","https://www.example.com/images/180.jpeg", "Description of this link"
"181.jpeg","https://www.example.com/images/181.jpeg", "Description of this link"
"182.jpeg","https://www.example.com/images/182.jpeg", "Description of this link"
"183.jpeg","https://www.example.com/images/183.jpeg", "Description of this link"
"184.jpeg","https://www.example.com/images/184.jpeg", "Description of this link"
"185.jpeg","https://www.example.com/images/185.jpeg", "Description of this link"
"186.jpeg","https://www.example.com/images/186.jpeg", "Description of this link"
"187.jpeg","https://www.example.com/images/187.jpeg", "Description of this link"
"188.jpeg","https://www.example.com/images/188.jpeg", "Description of this link"
"189.jpeg","https://www.example.com/images/189.jpeg", "Description of this link"
"190.jpeg","https://www.example.com/images/190.jpeg", "Description of this link"
"191.jpeg","https://www.example.com/images/191.jpeg", "Description of this link"
"192.jpeg","https://www.example.com/images/192.jpeg", "Description of this link"
"193.jpeg","https://www.example.com/images/193.jpeg", "Description of this link"
"194.jpeg","https://www.example.com/images/194.jpeg", "Description of this link"
"195.jpeg","https://www.example.com/images/195.jpeg", "Description of this link"
"196.jpeg","https://www.example.com/images/196.jpeg", "Description of this link"
"197.jpeg","https://www.example.com/images/197.jpeg", "Description of this link"
"198.jpeg","https://www.example.com/images/198.jpeg", "Description of this link"
"199.jpeg","https://www.example.com/images/199.jpeg", "Description of this link"
"200.jpeg","https://www.example.com/images/200.jpeg", "Description of this link"
"201.jpeg","https://www.example.com/images/201.jpeg", "Description of this link"
"202.jpeg","https://www.example.com/images/202.jpeg", "Description of this link"
"203.jpeg","https://www.example.com/images/203.jpeg", "Description of this link"
"204.jpeg","https://www.example.com/images/204.jpeg", "Description of this link"
"205.jpeg","https://www.example.com/images/205.jpeg", "Description of this link"
"206.jpeg","https://www.example.com/images/206.jpeg", "Description of this link"
"207.jpeg","https://www.example.com/images/207.jpeg", "Description of this link"
"208.jpeg","https://www.example.com/images/208.jpeg", "Description of this link"
"209.jpeg","https://www.example.com/images/209.jpeg", "Description of this link"
"210.jpeg","https://www.example.com/images/210.jpeg", "Description of this link"
"211.jpeg","https://www.example.com/images/211.jpeg", "Description of this link"
"212.jpeg","https://www.example.com/images/212.jpeg", "Description of this link"
"213.jpeg","https://www.example.com/images/213.jpeg", "Description of this link"
"214.jpeg","https://www.example.com/images/214.jpeg", "Description of this link"
"215.jpeg","https://www.example.com/images/215.jpeg", "Description of this link"
"216.jpeg","https://www.example.com/images/216.jpeg", "Description of this link"
"217.jpeg","https://www.example.com/images/217.jpeg", "Description of this link"
"218.jpeg","https://www.example.com/images/218.jpeg", "Description of this link"
"219.jpeg","https://www.example.com/images/219.jpeg", "Description of this link"
"220.jpeg","https://www.example.com/images/220.jpeg", "Description of this link"
"221.jpeg","https://www.example.com/images/221.jpeg", "Description of this link"
"222.jpeg","https://www.example.com/images/222.jpeg", "Description of this link"
"223.jpeg","https://www.example.com/images/223.jpeg", "Description of this link"
"224.jpeg","https://www.example.com/images/224.jpeg", "Description of this link"
"225.jpeg","https://www.example.com/images/225.jpeg", "Description of this link"
"226.jpeg","https://www.example.com/images/226.jpeg", "Description of this link"
"227.jpeg","https://www.example.com/images/227.jpeg", "Description of this link"
"228.jpeg","https://www.example.com/images/228.jpeg", "Description of this link"
"229.jpeg","https://www.example.com/images/229.jpeg", "Description of this link"
"230.jpeg","https://www.example.com/images/230.jpeg", "Description of this link"
"231.jpeg","https://www.example.com/images/231.jpeg", "Description of this link"
"232.jpeg","https://www.example.com/images/232.jpeg", "Description of this link"
"233.jpeg","https://www.example.com/images/233.jpeg", "Description of this link"
"234.jpeg","https://www.example.com/images/234.jpeg", "Description of this link"
"235.jpeg","https://www.example.com/images/235.jpeg", "Description of this link"
"236.jpeg","https://www.example.com/images/236.jpeg", "Description of this link"
"237.jpeg","https://www.example.com/images/237.jpeg", "Description of this link"
"238.jpeg","https://www.example.com/images/238.jpeg", "Description of this link"
"239.jpeg","https://www.example.com/images/239.jpeg", "Description of this link"
"240.jpeg","https://www.example.com/images/240.jpeg", "Description of this link"
"241.jpeg","https://www.example.com/images/241.jpeg", "Description of this link"
"242.jpeg","https://www.example.com/images/242.jpeg", "Description of this link"
"243.jpeg","https://www.example.com/images/243.jpeg", "Description of this link"
"244.jpeg","https://www.example.com/images/244.jpeg", "Description of this link"
"245.jpeg","https://www.example.com/images/245.jpeg", "Description of this link"
"246.jpeg","https://www.example.com/images/246.jpeg", "Description of this link"
"247.jpeg","https://www.example.com/images/247.jpeg", "Description of this link"
"248.jpeg","https://www.example.com/images/248.jpeg", "Description of this link"
"249.jpeg","https://www.example.com/images/249.jpeg", "Description of this link"
"250.jpeg","https://www.example.com/images/250.jpeg", "Description of this link"
"251.jpeg","https://www.example.com/images/251.jpeg", "Description of this link"
"252.jpeg","https://www.example.com/images/252.jpeg", "Description of this link"
"253.jpeg","https://www.example.com/images/253.jpeg", "Description of this link"
"254.jpeg","https://www.example.com/images/254.jpeg", "Description of this link"
"255.jpeg","https://www.example.com/images/255.jpeg", "Description of this link"
"256.jpeg","https://www.example.com/images/256.jpeg", "Description of this link"
"257.jpeg","https://www.example.com/images/257.jpeg", "Description of this link"
"258.jpeg","https://www.example.com/images/258.jpeg", "Description of this link"
"259.jpeg","https://www.example.com/images/259.jpeg", "Description of this link"
"260.jpeg","https://www.example.com/images/260.jpeg", "Description of this link"
"261.jpeg","https://www.example.com/images/261.jpeg", "Description of this link"
"262.jpeg","https://www.example.com/images/262.jpeg", "Description of this link"
"263.jpeg","https://www.example.com/images/263.jpeg", "Description of this link"
"264.jpeg","https://www.example.com/images/264.jpeg", "Description of this link"
"265.jpeg","https://www.example.com/images/265.jpeg", "Description of this link"
"266.jpeg","https://www.example.com/images/266.jpeg", "Description of this link"
"267.jpeg","https://www.example.com/images/267.jpeg", "Description of this link"
"268.jpeg","https://www.example.com/images/268.jpeg", "Description of this link"
"269.jpeg","https://www.example.com/images/269.jpeg", "Description of this link"
"270.jpeg","https://www.example.com/images/270.jpeg", "Description of this link"
"271.jpeg","https://www.example.com/images/271.jpeg", "Description of this link"
"272.jpeg","https://www.example.com/images/272.jpeg", "Description of this link"
"273.jpeg","https://www.example.com/images/273.jpeg", "Description of this link"
"274.jpeg","https://www.example.com/images/274.jpeg", "Description of this link"
"275.jpeg","https://www.example.com/images/275.jpeg", "Description of this link"
"276.jpeg","https://www.example.com/images/276.jpeg", "Description of this link"
"277.jpeg","https://www.example.com/images/277.jpeg", "Description of this link"
"278.jpeg","https://www.example.com/images/278.jpeg", "Description of this link"
"279.jpeg","https://www.example.com/images/279.jpeg", "Description of this link"
"280.jpeg","https://www.example.com/images/280.jpeg", "Description of this link"
"281.jpeg","https://www.example.com/images/281.jpeg", "Description of this link"
"282.jpeg","https://www.example.com/images/282.jpeg", "Description of this link"
"283.jpeg","https://www.example.com/images/283.jpeg", "Description of this link"
"284.jpeg","https://www.example.com/images/284.jpeg", "Description of this link"
"285.jpeg","https://www.example.com/images/285.jpeg", "Description of this link"
"286.jpeg","https://www.example.com/images/286.jpeg", "Description of this link"
"287.jpeg","https://www.example.com/images/287.jpeg", "Description of this link"
"288.jpeg","https://www.example.com/images/288.jpeg", "Description of this link"
"289.jpeg","https://www.example.com/images/289.jpeg", "Description of this link"
"290.jpeg","https://www.example.com/images/290.jpeg", "Description of this link"
"291.jpeg","https://www.example.com/images/291.jpeg", "Description of this link"
"292.jpeg","https://www.example.com/images/292.jpeg", "Description of this link"
"293.jpeg","https://www.example.com/images/293.jpeg", "Description of this link"
"294.jpeg","https://www.example.com/images/294.jpeg", "Description of this link"
"295.jpeg","https://www.example.com/images/295.jpeg", "Description of this link"
"296.jpeg","https://www.example.com/images/296.jpeg", "Description of this link"
"297.jpeg","https://www.example.com/images/297.jpeg", "Description of this link"
"298.jpeg","https://www.example.com/images/298.jpeg", "Description of this link"
"299.jpeg","https://www.example.com/images/299.jpeg", "Description of this link"
"300.jpeg","https://www.example.com/images/300.jpeg", "Description of this link"
"301.jpeg","https://www.example.com/images/301.jpeg", "Description of this link"
"302.jpeg","https://www.example.com/images/302.jpeg", "Description of this link"
"303.jpeg","https://www.example.com/images/303.jpeg", "Description of this link"
"304.jpeg","https://www.example.com/images/304.jpeg", "Description of this link"
"305.jpeg","https://www.example.com/images/305.jpeg", "Description of this link"
"306.jpeg","https://www.example.com/images/306.jpeg", "Description of this link"
"307.jpeg","https://www.example.com/images/307.jpeg", "Description of this link"
"308.jpeg","https://www.example.com/images/308.jpeg", "Description of this link"
"309.jpeg","https://www.example.com/images/309.jpeg", "Description of this link"
"310.jpeg","https://www.example.com/images/310.jpeg", "Description of this link"
"311.jpeg","https://www.example.com/images/311.jpeg", "Description of this link"
"312.jpeg","https://www.example.com/images/312.jpeg", "Description of this link"
"313.jpeg","https://www.example.com/images/313.jpeg", "Description of this link"
"314.jpeg","https://www.example.com/images/314.jpeg", "Description of this link"
"315.jpeg","https://www.example.com/images/315.jpeg", "Description of this link"
"316.jpeg","https://www.example.com/images/316.jpeg", "Description of this link"
"317.jpeg","https://www.example.com/images/317.jpeg", "Description of this link"
"318.jpeg","https://www.example.com/images/318.jpeg", "Description of this link"
"319.jpeg","https://www.example.com/images/319.jpeg", "Description of this link"
"320.jpeg","https://www.example.com/images/320.jpeg", "Description of this link"
"321.jpeg","https://www.example.com/images/321.jpeg", "Description of this link"
"322.jpeg","https://www.example.com/images/322.jpeg", "Description of this link"
"323.jpeg","https://www.example.com/images/323.jpeg", "Description of this link"
"324.jpeg","https://www.example.com/images/324.jpeg", "Description of this link"
"325.jpeg","https://www.example.com/images/325.jpeg", "Description of this link"
"326.jpeg","https://www.example.com/images/326.jpeg", "Description of this link"
"327.jpeg","https://www.example.com/images/327.jpeg", "Description of this link"
"328.jpeg","https://www.example.com/images/328.jpeg", "Description of this link"
"329.jpeg","https://www.example.com/images/329.jpeg", "Description of this link"
"330.jpeg","https://www.example.com/images/330.jpeg", "Description of this link"
"331.jpeg","https://www.example.com/images/331.jpeg", "Description of this link"
"332.jpeg","https://www.example.com/images/332.jpeg", "Description of this link"
"333.jpeg","https://www.example.com/images/333.jpeg", "Description of this link"
"334.jpeg","https://www.example.com/images/334.jpeg", "Description of this link"
"335.jpeg","https://www.example.com/images/335.jpeg", "Description of this link"
"336.jpeg","https://www.example.com/images/336.jpeg", "Description of this link"
"337.jpeg","https://www.example.com/images/337.jpeg", "Description of this link"
"338.jpeg","https://www.example.com/images/338.jpeg", "Description of this link"
"339.jpeg","https://www.example.com/images/339.jpeg", "Description of this link"
"340.jpeg","https://www.example.com/images/340.jpeg", "Description of this link"
"341.jpeg","https://www.example.com/images/341.jpeg", "Description of this link"
"342.jpeg","https://www.example.com/images/342.jpeg", "Description of this link"
"343.jpeg","https://www.example.com/images/343.jpeg", "Description of this link"
"344.jpeg","https://www.example.com/images/344.jpeg", "Description of this link"
"345.jpeg","https://www.example.com/images/345.jpeg", "Description of this link"
"346.jpeg","https://www.example.com/images/346.jpeg", "Description of this link"
"347.jpeg","https://www.example.com/images/347.jpeg", "Description of this link"
"348.jpeg","https://www.example.com/images/348.jpeg", "Description of this link"
"349.jpeg","https://www.example.com/images/349.jpeg", "Description of this link"
"350.jpeg","https://www.example.com/images/350.jpeg", "Description of this link"
"351.jpeg","https://www.example.com/images/351.jpeg", "Description of this link"
"352.jpeg","https://www.example.com/images/352.jpeg", "Description of this link"
"353.jpeg","https://www.example.com/images/353.jpeg", "Description of this link"
"354.jpeg","https://www.example.com/images/354.jpeg", "Description of this link"
"355.jpeg","https://www.example.com/images/355.jpeg", "Description of this link"
"356.jpeg","https://www.example.com/images/356.jpeg", "Description of this link"
"357.jpeg","https://www.example.com/images/357.jpeg", "Description of this link"
"358.jpeg","https://www.example.com/images/358.jpeg", "Description of this link"
"359.jpeg","https://www.example.com/images/359.jpeg", "Description of this link"
"360.jpeg","https://www.example.com/images/360.jpeg", "Description of this link"
"361.jpeg","https://www.example.com/images/361.jpeg", "Description of this link"
"362.jpeg","https://www.example.com/images/362.jpeg", "Description of this link"
"363.jpeg","https://www.example.com/images/363.jpeg", "Description of this link"
"364.jpeg","https://www.example.com/images/364.jpeg", "Description of this link"
"365.jpeg","https://www.example.com/images/365.jpeg", "Description of this link"
"366.jpeg","https://www.example.com/images/366.jpeg", "Description of this link"
"367.jpeg","https://www.example.com/images/367.jpeg", "Description of this link"
"368.jpeg","https://www.example.com/images/368.jpeg", "Description of this link"
"369.jpeg","https://www.example.com/images/369.jpeg", "Description of this link"
"370.jpeg","https://www.example.com/images/370.jpeg", "Description of this link"
"371.jpeg","https://www.example.com/images/371.jpeg", "Description of this link"
"372.jpeg","https://www.example.com/images/372.jpeg", "Description of this link"
"373.jpeg","https://www.example.com/images/373.jpeg", "Description of this link"
"374.jpeg","https://www.example.com/images/374.jpeg", "Description of this link"
"375.jpeg","https://www.example.com/images/375.jpeg", "Description of this link"
"376.jpeg","https://www.example.com/images/376.jpeg", "Description of this link"
"377.jpeg","https://www.example.com/images/377.jpeg", "Description of this link"
"378.jpeg","https://www.example.com/images/378.jpeg", "Description of this link"
"379.jpeg","https://www.example.com/images/379.jpeg", "Description of this link"
"380.jpeg","https://www.example.com/images/380.jpeg", "Description of this link"
"381.jpeg","https://www.example.com/images/381.jpeg", "Description of this link"
"382.jpeg","https://www.example.com/images/382.jpeg", "Description of this link"
"383.jpeg","https://www.example.com/images/383.jpeg", "Description of this link"
"384.jpeg","https://www.example.com/images/384.jpeg", "Description of this link"
"385.jpeg","https://www.example.com/images/385.jpeg", "Description of this link"
"386.jpeg","https://www.example.com/images/386.jpeg", "Description of this link"
"387.jpeg","https://www.example.com/images/387.jpeg", "Description of this link"
"388.jpeg","https://www.example.com/images/388.jpeg", "Description of this link"
"389.jpeg","https://www.example.com/images/389.jpeg", "Description of this link"
"390.jpeg","https://www.example.com/images/390.jpeg", "Description of this link"
"391.jpeg","https://www.example.com/images/391.jpeg", "Description of this link"
"392.jpeg","https://www.example.com/images/392.jpeg", "Description of this link"
"393.jpeg","https://www.example.com/images/393.jpeg", "Description of this link"
"394.jpeg","https://www.example.com/images/394.jpeg", "Description of this link"
"395.jpeg","https://www.example.com/images/395.jpeg", "Description of this link"
"396.jpeg","https://www.example.com/images/396.jpeg", "Description of this link"
"397.jpeg","https://www.example.com/images/397.jpeg", "Description of this link"
"398.jpeg","https://www.example.com/images/398.jpeg", "Description of this link"
"399.jpeg","https://www.example.com/images/399.jpeg", "Description of this link"
"400.jpeg","https://www.example.com/images/400.jpeg", "Description of this link"
"401.jpeg","https://www.example.com/images/401.jpeg", "Description of this link"
"402.jpeg","https://www.example.com/images/402.jpeg", "Description of this link"
"403.jpeg","https://www.example.com/images/403.jpeg", "Description of this link"
"404.jpeg","https://www.example.com/images/404.jpeg", "Description of this link"
"405.jpeg","https://www.example.com/images/405.jpeg", "Description of this link"
"406.jpeg","https://www.example.com/images/406.jpeg", "Description of this link"
"407.jpeg","https://www.example.com/images/407.jpeg", "Description of this link"
"408.jpeg","https://www.example.com/images/408.jpeg", "Description of this link"
"409.jpeg","https://www.example.com/images/409.jpeg", "Description of this link"
"410.jpeg","https://www.example.com/images/410.jpeg", "Description of this link"
"411.jpeg","https://www.example.com/images/411.jpeg", "Description of this link"
"412.jpeg","https://www.example.com/images/412.jpeg", "Description of this link"
"413.jpeg","https://www.example.com/images/413.jpeg", "Description of this link"
"414.jpeg","https://www.example.com/images/414.jpeg", "Description of this link"
"415.jpeg","https://www.example.com/images/415.jpeg", "Description of this link"
"416.jpeg","https://www.example.com/images/416.jpeg", "Description of this link"
"417.jpeg","https://www.example.com/images/417.jpeg", "Description of this link"
"418.jpeg","https://www.example.com/images/418.jpeg", "Description of this link"
"419.jpeg","https://www.example.com/images/419.jpeg", "Description of this link"
"420.jpeg","https://www.example.com/images/420.jpeg", "Description of this link"
